{
  "intercept": -61967793.74954734,
  "coef_name": {
    "Audi A3 Cabriolet": 342333.9454088759,
    "Audi A4 1.8": -8086.603212163264,
    "Audi A4 2.0": 262452.3269379442,
    "Audi A6 2.0": 104304.56243838121,
    "Audi A8": 1474.611952321811,
    "Audi Q3 2.0": 87183.13986414998,
    "Audi Q5 2.0": 222227.79621899224,
    "Audi Q7": -77284.3136144315,
    "BMW 3 Series": 61840.63011956004,
    "BMW 5 Series": 97839.13022710224,
    "BMW 7 Series": 168730.58783490202,
    "BMW X1": 0.0,
    "BMW X1 sDrive20d": 48983.1060725626,
    "BMW X1 xDrive20d": 77399.11600605254,
    "Chevrolet Beat": 0.0,
    "Chevrolet Beat Diesel": -106773.04065876018,
    "Chevrolet Beat LS": -139422.50825490127,
    "Chevrolet Beat LT": -133828.18738445,
    "Chevrolet Beat PS": 0.0,
    "Chevrolet Cruze LTZ": -6996.112933106474,
    "Chevrolet Enjoy": 5753.3165328349305,
    "Chevrolet Enjoy 1.4": -24837.994955764465,
    "Chevrolet Sail 1.2": -3764.4570158936094,
    "Chevrolet Sail UVA": -13751.301625397933,
    "Chevrolet Spark": 0.0,
    "Chevrolet Spark 1.0": -25924.55477627681,
    "Chevrolet Spark LS": -38151.0965658663,
    "Chevrolet Spark LT": -32027.743726331104,
    "Chevrolet Tavera LS": -3452.653395400661,
    "Chevrolet Tavera Neo": 34394.62930341306,
    "Datsun GO T": -46554.89315010472,
    "Datsun Go Plus": -39363.97578522467,
    "Datsun Redi GO": -212444.9236452067,
    "Fiat Linea Emotion": -33358.7949275052,
    "Fiat Petra ELX": -35592.139305251425,
    "Fiat Punto Emotion": -59149.27645269556,
    "Force Motors Force": -48510.48617726545,
    "Force Motors One": 5649.6026039675335,
    "Ford EcoSport": -33172.43888599823,
    "Ford EcoSport Ambiente": 44684.72370322412,
    "Ford EcoSport Titanium": -54077.03713341727,
    "Ford EcoSport Trend": -43112.64002278909,
    "Ford Endeavor 4x4": 332852.2511401585,
    "Ford Fiesta": -36337.206155712294,
    "Ford Fiesta SXi": -14717.207784208713,
    "Ford Figo": -113172.30977850636,
    "Ford Figo Diesel": -123075.5376143007,
    "Ford Figo Duratorq": -39250.68281662622,
    "Ford Figo Petrol": -57743.51535668198,
    "Ford Fusion 1.4": -37104.359438808926,
    "Ford Ikon 1.3": -42596.03202815217,
    "Ford Ikon 1.6": -17149.416172821486,
    "Hindustan Motors Ambassador": 71938.09976121741,
    "Honda Accord": -12060.460686812557,
    "Honda Amaze": -161613.7349297128,
    "Honda Amaze 1.2": -38184.41441932758,
    "Honda Amaze 1.5": -91561.63623437072,
    "Honda Brio": -42249.99824289207,
    "Honda Brio V": -20097.12197464686,
    "Honda Brio VX": -12718.530053659135,
    "Honda City": 105478.09460100606,
    "Honda City 1.5": 23138.164417961507,
    "Honda City SV": 26740.78211231742,
    "Honda City VX": 57469.79712730479,
    "Honda City ZX": -90539.11741043311,
    "Honda Jazz S": -17259.725289496382,
    "Honda Jazz VX": -4094.751426686428,
    "Honda Mobilio": -2139.476426679734,
    "Honda Mobilio S": -18237.125093442384,
    "Honda WR V": 0.0,
    "Hyundai Accent": -23515.370328816258,
    "Hyundai Accent Executive": -8185.45286622083,
    "Hyundai Accent GLE": -4926.543273105223,
    "Hyundai Accent GLX": -6369.192960826209,
    "Hyundai Creta": 60047.30617474083,
    "Hyundai Creta 1.6": 214197.23556282444,
    "Hyundai Elantra 1.8": 32579.752421343972,
    "Hyundai Elantra SX": 37730.94837159181,
    "Hyundai Elite i20": 49530.10286924852,
    "Hyundai Eon": -130825.6113876359,
    "Hyundai Eon D": -99266.68392090892,
    "Hyundai Eon Era": -124030.97570902905,
    "Hyundai Eon Magna": -80488.80551360422,
    "Hyundai Eon Sportz": -22630.027235193545,
    "Hyundai Fluidic Verna": 5458.446061258142,
    "Hyundai Getz": 3836.4077439087205,
    "Hyundai Getz GLE": -8225.529367150753,
    "Hyundai Getz Prime": -38431.506261575756,
    "Hyundai Grand i10": -55357.87625776519,
    "Hyundai Santro": 31965.39677848417,
    "Hyundai Santro AE": -10974.353580771674,
    "Hyundai Santro Xing": -39972.507467646275,
    "Hyundai Sonata Transform": -59413.2773886196,
    "Hyundai Verna": 2900.4471168364694,
    "Hyundai Verna 1.4": -290.29341912041696,
    "Hyundai Verna 1.6": 104783.20361649076,
    "Hyundai Verna Fluidic": -11566.755478724095,
    "Hyundai Verna Transform": -4648.198493072028,
    "Hyundai Verna VGT": -22561.822095731466,
    "Hyundai Xcent Base": -23905.585888511217,
    "Hyundai Xcent SX": -16100.932204241848,
    "Hyundai i10": -13405.884110549545,
    "Hyundai i10 Era": -18387.26865250538,
    "Hyundai i10 Magna": 21557.443521512418,
    "Hyundai i10 Sportz": -21971.0799589126,
    "Hyundai i20": 4751.465535289748,
    "Hyundai i20 Active": 35902.628254146024,
    "Hyundai i20 Asta": -12296.440498678043,
    "Hyundai i20 Magna": -31778.67050193958,
    "Hyundai i20 Select": 0.0,
    "Hyundai i20 Sportz": -73675.94385460664,
    "Jaguar XE XE": 321183.0055785502,
    "Jaguar XF 2.2": 226107.46793124184,
    "Jeep Wrangler Unlimited": 39165.17181857677,
    "Land Rover Freelander": 216516.1733614226,
    "Mahindra Bolero DI": -180534.28503753088,
    "Mahindra Bolero Power": 0.0,
    "Mahindra Bolero SLE": -51506.24534065025,
    "Mahindra Jeep CL550": -118054.23481941005,
    "Mahindra Jeep MM": -70935.87916947572,
    "Mahindra KUV100": -68151.7160323075,
    "Mahindra KUV100 K8": -48717.54325172718,
    "Mahindra Logan": -41297.30150476137,
    "Mahindra Logan Diesel": -25226.4864973695,
    "Mahindra Quanto C4": -29743.883852228977,
    "Mahindra Quanto C8": -135317.1850188597,
    "Mahindra Scorpio": 59912.63283907366,
    "Mahindra Scorpio 2.6": -26115.249378866916,
    "Mahindra Scorpio LX": -7436.886668114659,
    "Mahindra Scorpio S10": -36032.89687395339,
    "Mahindra Scorpio S4": 139025.17150696603,
    "Mahindra Scorpio SLE": -19730.349891116493,
    "Mahindra Scorpio SLX": -6136.2192753580985,
    "Mahindra Scorpio VLX": 76250.44599137957,
    "Mahindra Scorpio Vlx": 29232.59605952729,
    "Mahindra Scorpio W": -49935.89646877755,
    "Mahindra TUV300 T4": -34729.05844329287,
    "Mahindra TUV300 T8": 45234.48607386623,
    "Mahindra Thar CRDe": 15386.473009417037,
    "Mahindra XUV500": 181417.68476769887,
    "Mahindra XUV500 W10": 160246.7992027611,
    "Mahindra XUV500 W6": 7769.092082799071,
    "Mahindra XUV500 W8": 124121.74861317556,
    "Mahindra Xylo D2": -35020.9989732477,
    "Mahindra Xylo E4": -32399.857542873156,
    "Mahindra Xylo E8": -39417.95225593655,
    "Maruti Suzuki 800": 19059.30471615134,
    "Maruti Suzuki A": -15970.912483984908,
    "Maruti Suzuki Alto": -187386.73857237867,
    "Maruti Suzuki Baleno": 41805.60807540563,
    "Maruti Suzuki Celerio": -26826.869523023957,
    "Maruti Suzuki Ciaz": 104747.97109953813,
    "Maruti Suzuki Dzire": -27696.359484551533,
    "Maruti Suzuki Eeco": -78567.538121147,
    "Maruti Suzuki Ertiga": 206539.4820743376,
    "Maruti Suzuki Esteem": -13390.941354518816,
    "Maruti Suzuki Estilo": -24915.724857333033,
    "Maruti Suzuki Maruti": 21650.625616919533,
    "Maruti Suzuki Omni": -104045.85272387804,
    "Maruti Suzuki Ritz": -74918.04445808784,
    "Maruti Suzuki S": 12552.139729062033,
    "Maruti Suzuki SX4": 32655.03979867869,
    "Maruti Suzuki Stingray": -24734.886871671526,
    "Maruti Suzuki Swift": -104861.90268980656,
    "Maruti Suzuki Versa": 16065.567777794728,
    "Maruti Suzuki Vitara": 18516.59701082235,
    "Maruti Suzuki Wagon": -131234.89160128403,
    "Maruti Suzuki Zen": 19946.277959806055,
    "Mercedes Benz A": 132622.0572156385,
    "Mercedes Benz B": 114393.04673141541,
    "Mercedes Benz C": 20814.607312876524,
    "Mercedes Benz GLA": 186681.79116021827,
    "Mini Cooper S": 644333.9352003062,
    "Mitsubishi Lancer 1.8": -51117.917599732515,
    "Mitsubishi Pajero Sport": 435683.73253205616,
    "Nissan Micra XL": -40608.075004969076,
    "Nissan Micra XV": -38662.39049327018,
    "Nissan Sunny": -35620.385696177465,
    "Nissan Sunny XL": -29206.975279911763,
    "Nissan Terrano XL": -20494.02476232108,
    "Nissan X Trail": 62975.16730352343,